,date,1. open,2. high,3. low,4. close,5. volume,sma20,sma50,sma100,sma200,ema9,ema15,ema65,ema200,rsi
0,2020-03-25 09:35:00,87.9031,89.9785,87.7794,89.1384,265120.0,0.0,0.0,0.0,0.0,0.0,0.0,0.0,0.0,100.0
1,2020-03-25 09:40:00,89.04,89.36,88.08,88.7211,149425.0,0.0,0.0,0.0,0.0,0.0,0.0,0.0,0.0,0.0
2,2020-03-25 09:45:00,88.68,88.81,86.92,87.5,197760.0,0.0,0.0,0.0,0.0,0.0,0.0,0.0,0.0,0.0
3,2020-03-25 09:50:00,87.45,87.81,87.18,87.78,264181.0,0.0,0.0,0.0,0.0,0.0,0.0,0.0,0.0,15.79
4,2020-03-25 09:55:00,87.84,87.99,86.88,86.9582,172829.0,0.0,0.0,0.0,0.0,0.0,0.0,0.0,0.0,10.53
5,2020-03-25 10:00:00,86.98,88.5,86.84,87.29,106184.0,0.0,0.0,0.0,0.0,0.0,0.0,0.0,0.0,21.84
6,2020-03-25 10:05:00,87.36,87.44,86.5,86.823,127698.0,0.0,0.0,0.0,0.0,0.0,0.0,0.0,0.0,18.33
7,2020-03-25 10:10:00,87.03,87.23,86.59,87.055,70130.0,0.0,0.0,0.0,0.0,0.0,0.0,0.0,0.0,24.8
8,2020-03-25 10:15:00,87.31,87.3624,86.28,86.595,95079.0,0.0,0.0,0.0,0.0,87.44,0.0,0.0,0.0,21.21
9,2020-03-25 10:20:00,86.73,87.75,86.69,87.54,169942.0,0.0,0.0,0.0,0.0,87.46,0.0,0.0,0.0,40.32
10,2020-03-25 10:25:00,87.5714,87.96,86.99,87.56,55662.0,0.0,0.0,0.0,0.0,87.48,0.0,0.0,0.0,40.65
11,2020-03-25 10:30:00,87.59,88.4899,87.43,88.3441,66385.0,0.0,0.0,0.0,0.0,87.65,0.0,0.0,0.0,51.82
12,2020-03-25 10:35:00,88.3,89.71,88.29,89.55,87335.0,0.0,0.0,0.0,0.0,88.03,0.0,0.0,0.0,63.28
13,2020-03-25 10:40:00,89.5775,91.18,89.5775,90.97,151804.0,0.0,0.0,0.0,0.0,88.62,0.0,0.0,0.0,71.79
14,2020-03-25 10:45:00,91.01,91.5714,90.66,91.25,104439.0,0.0,0.0,0.0,0.0,89.15,88.78,0.0,0.0,73.11
15,2020-03-25 10:50:00,91.245,91.44,90.14,90.75,68160.0,0.0,0.0,0.0,0.0,89.47,89.03,0.0,0.0,67.06
16,2020-03-25 10:55:00,90.76,91.23,90.49,90.99,51701.0,0.0,0.0,0.0,0.0,89.77,89.27,0.0,0.0,68.41
17,2020-03-25 11:00:00,90.83,91.75,90.4,91.48,103887.0,0.0,0.0,0.0,0.0,90.11,89.55,0.0,0.0,71.03
18,2020-03-25 11:05:00,91.5041,92.7602,90.8721,90.9507,227176.0,0.0,0.0,0.0,0.0,90.28,89.72,0.0,0.0,64.79
19,2020-03-25 11:10:00,90.875,91.44,90.37,91.36,72098.0,88.93,0.0,0.0,0.0,90.5,89.93,0.0,0.0,67.19
20,2020-03-25 11:15:00,91.23,91.65,90.99,91.28,100423.0,89.04,0.0,0.0,0.0,90.65,90.1,0.0,0.0,66.24
21,2020-03-25 11:20:00,91.29,91.55,90.9,91.05,89983.0,89.15,0.0,0.0,0.0,90.73,90.22,0.0,0.0,63.46
22,2020-03-25 11:25:00,90.92399999999999,91.2099,90.73,91.05,71212.0,89.33,0.0,0.0,0.0,90.8,90.32,0.0,0.0,63.46
23,2020-03-25 11:30:00,91.05,91.73,91.0274,91.3499,55764.0,89.51,0.0,0.0,0.0,90.91,90.45,0.0,0.0,65.64
24,2020-03-25 11:35:00,91.31,91.79,90.9421,91.44,55342.0,89.73,0.0,0.0,0.0,91.01,90.57,0.0,0.0,66.29
25,2020-03-25 11:40:00,91.435,91.95,91.22,91.83,159907.0,89.96,0.0,0.0,0.0,91.18,90.73,0.0,0.0,69.02
26,2020-03-25 11:45:00,91.85,92.35,91.52,91.72,88387.0,90.21,0.0,0.0,0.0,91.29,90.85,0.0,0.0,67.37
27,2020-03-25 11:50:00,91.77,92.18,91.06,92.01,48735.0,90.45,0.0,0.0,0.0,91.43,91.0,0.0,0.0,69.45
28,2020-03-25 11:55:00,92.095,92.44,91.85,92.04,98538.0,90.73,0.0,0.0,0.0,91.55,91.13,0.0,0.0,69.67
29,2020-03-25 12:00:00,92.09,92.38,91.9,92.15,56372.0,90.96,0.0,0.0,0.0,91.67,91.26,0.0,0.0,70.49
30,2020-03-25 12:05:00,92.2,93.41,92.13,93.2322,65659.0,91.24,0.0,0.0,0.0,91.98,91.5,0.0,0.0,77.08
31,2020-03-25 12:10:00,93.3,93.54,92.92,93.09,86667.0,91.48,0.0,0.0,0.0,92.21,91.7,0.0,0.0,74.72
32,2020-03-25 12:15:00,93.12,93.51,92.8761,93.3513,84128.0,91.67,0.0,0.0,0.0,92.43,91.91,0.0,0.0,76.16
33,2020-03-25 12:20:00,93.3,93.325,92.79,92.94,84924.0,91.77,0.0,0.0,0.0,92.54,92.04,0.0,0.0,69.44
34,2020-03-25 12:25:00,92.9342,94.8,92.86,94.61,166311.0,91.93,0.0,0.0,0.0,92.95,92.36,0.0,0.0,77.95
35,2020-03-25 12:30:00,94.615,95.225,94.46,95.0,115305.0,92.15,0.0,0.0,0.0,93.36,92.69,0.0,0.0,79.4
36,2020-03-25 12:35:00,94.99,96.584,94.85,96.5,145349.0,92.42,0.0,0.0,0.0,93.99,93.17,0.0,0.0,83.79
37,2020-03-25 12:40:00,96.5604,98.152,96.3669,97.1255,138493.0,92.7,0.0,0.0,0.0,94.62,93.66,0.0,0.0,85.21
38,2020-03-25 12:45:00,97.11,98.28,96.66,97.9,167248.0,93.05,0.0,0.0,0.0,95.27,94.19,0.0,0.0,86.75
39,2020-03-25 12:50:00,97.83,97.8991,96.31,96.405,209452.0,93.3,0.0,0.0,0.0,95.5,94.47,0.0,0.0,71.28
40,2020-03-25 12:55:00,96.36,97.06,95.82,95.88,85408.0,93.53,0.0,0.0,0.0,95.58,94.64,0.0,0.0,66.78
41,2020-03-25 13:00:00,95.89,96.12,95.16,95.87,73343.0,93.77,0.0,0.0,0.0,95.63,94.8,0.0,0.0,66.69
42,2020-03-25 13:05:00,95.8509,96.375,95.44,95.88,68636.0,94.02,0.0,0.0,0.0,95.68,94.93,0.0,0.0,66.74
43,2020-03-25 13:10:00,95.85,96.63,95.71,96.62,59405.0,94.28,0.0,0.0,0.0,95.87,95.14,0.0,0.0,70.06
44,2020-03-25 13:15:00,96.7,96.8048,96.01,96.185,72816.0,94.52,0.0,0.0,0.0,95.93,95.27,0.0,0.0,65.89
45,2020-03-25 13:20:00,96.17,96.55,95.895,96.375,87620.0,94.74,0.0,0.0,0.0,96.02,95.41,0.0,0.0,66.82
46,2020-03-25 13:25:00,96.36,96.69,96.27,96.435,86300.0,94.98,0.0,0.0,0.0,96.1,95.54,0.0,0.0,67.12
47,2020-03-25 13:30:00,96.435,96.48,95.81,96.4182,106794.0,95.2,0.0,0.0,0.0,96.17,95.65,0.0,0.0,66.94
48,2020-03-25 13:35:00,96.445,96.615,96.01,96.5691,86062.0,95.43,0.0,0.0,0.0,96.25,95.76,0.0,0.0,67.8
49,2020-03-25 13:40:00,96.56,96.94,96.44,96.7,62667.0,95.65,92.15,0.0,0.0,96.34,95.88,0.0,0.0,68.56
50,2020-03-25 13:45:00,96.7,97.4588,96.42200000000001,97.35,65308.0,95.86,92.32,0.0,0.0,96.54,96.06,0.0,0.0,72.1
51,2020-03-25 13:50:00,97.295,98.43,97.295,97.97399999999999,137691.0,96.1,92.5,0.0,0.0,96.83,96.3,0.0,0.0,75.0
52,2020-03-25 13:55:00,97.92,98.087,97.07,97.19,103373.0,96.3,92.7,0.0,0.0,96.9,96.41,0.0,0.0,65.74
53,2020-03-25 14:00:00,97.25,97.87,96.66,97.02,92324.0,96.5,92.88,0.0,0.0,96.92,96.49,0.0,0.0,63.9
54,2020-03-25 14:05:00,97.05,97.3326,96.6,96.91,127584.0,96.62,93.08,0.0,0.0,96.92,96.54,0.0,0.0,62.67
55,2020-03-25 14:10:00,96.87,96.95,95.395,95.7101,120697.0,96.65,93.25,0.0,0.0,96.68,96.44,0.0,0.0,51.16
56,2020-03-25 14:15:00,95.82,97.335,95.8,97.33,73475.0,96.69,93.46,0.0,0.0,96.81,96.55,0.0,0.0,61.45
57,2020-03-25 14:20:00,97.4,98.1582,97.28,98.1582,119718.0,96.74,93.68,0.0,0.0,97.08,96.75,0.0,0.0,65.46
58,2020-03-25 14:25:00,98.1341,98.36,97.57,97.77,82723.0,96.74,93.9,0.0,0.0,97.22,96.88,0.0,0.0,62.2
59,2020-03-25 14:30:00,97.715,97.93,97.0,97.15,119774.0,96.77,94.1,0.0,0.0,97.2,96.91,0.0,0.0,57.28
60,2020-03-25 14:35:00,97.15,97.46,96.59,96.9078,79197.0,96.83,94.28,0.0,0.0,97.14,96.91,0.0,0.0,55.44
61,2020-03-25 14:40:00,96.855,97.38,96.75,97.12,73105.0,96.89,94.46,0.0,0.0,97.14,96.94,0.0,0.0,56.75
62,2020-03-25 14:45:00,97.06,97.15,96.64,97.118,68895.0,96.95,94.61,0.0,0.0,97.14,96.96,0.0,0.0,56.74
63,2020-03-25 14:50:00,97.15,97.9343,97.15,97.8,89343.0,97.01,94.75,0.0,0.0,97.27,97.07,0.0,0.0,61.02
64,2020-03-25 14:55:00,97.82,98.0,97.62,97.87,73068.0,97.09,94.88,0.0,0.0,97.39,97.17,94.32,0.0,61.44
65,2020-03-25 15:00:00,97.86,98.85,97.82,98.69,94974.0,97.21,95.04,0.0,0.0,97.65,97.36,94.46,0.0,66.07
66,2020-03-25 15:05:00,98.73,99.72,98.42,99.51,120422.0,97.36,95.21,0.0,0.0,98.02,97.63,94.61,0.0,69.95
67,2020-03-25 15:10:00,99.56,99.82,99.08,99.41,97783.0,97.51,95.37,0.0,0.0,98.3,97.85,94.75,0.0,68.92
68,2020-03-25 15:15:00,99.43,99.73,99.17,99.55,180491.0,97.66,95.54,0.0,0.0,98.55,98.06,94.9,0.0,69.59
69,2020-03-25 15:20:00,99.61,99.9,99.45,99.67,140832.0,97.81,95.7,0.0,0.0,98.77,98.26,95.04,0.0,70.2
70,2020-03-25 15:25:00,99.626,99.87,99.1,99.5856,106515.0,97.92,95.87,0.0,0.0,98.94,98.43,95.18,0.0,69.16
71,2020-03-25 15:30:00,99.56,100.175,98.98,99.83,192487.0,98.01,96.05,0.0,0.0,99.11,98.6,95.32,0.0,70.52
72,2020-03-25 15:35:00,99.9,99.98,99.34,99.68,118572.0,98.14,96.22,0.0,0.0,99.23,98.74,95.45,0.0,68.52
73,2020-03-25 15:40:00,99.72,100.03,99.46,99.65,150104.0,98.27,96.38,0.0,0.0,99.31,98.85,95.58,0.0,68.11
74,2020-03-25 15:45:00,99.71,100.0,98.38,98.69,167063.0,98.36,96.53,0.0,0.0,99.19,98.83,95.68,0.0,56.36
75,2020-03-25 15:50:00,98.57,98.915,97.48,97.7199,223066.0,98.46,96.65,0.0,0.0,98.89,98.69,95.74,0.0,47.46
76,2020-03-25 15:55:00,97.74,98.58,96.42,96.7,288631.0,98.43,96.75,0.0,0.0,98.46,98.44,95.77,0.0,40.26
77,2020-03-25 16:00:00,96.63,97.12,95.23,96.03,463976.0,98.32,96.83,0.0,0.0,97.97,98.14,95.77,0.0,36.35
78,2020-03-26 09:35:00,97.67,99.7999,97.54,97.85,208930.0,98.33,96.94,0.0,0.0,97.95,98.11,95.84,0.0,50.42
79,2020-03-26 09:40:00,97.47,101.47,97.47,99.345,276247.0,98.44,97.09,0.0,0.0,98.23,98.26,95.94,0.0,58.52
80,2020-03-26 09:45:00,99.37,99.56,98.5901,98.79,204681.0,98.53,97.2,0.0,0.0,98.34,98.33,96.03,0.0,54.93
81,2020-03-26 09:50:00,98.79,99.885,98.54,99.1,132644.0,98.63,97.32,0.0,0.0,98.49,98.42,96.12,0.0,56.54
82,2020-03-26 09:55:00,99.14,100.47,98.45,100.295,107911.0,98.79,97.46,0.0,0.0,98.85,98.66,96.25,0.0,62.13
83,2020-03-26 10:00:00,100.295,101.88,100.29,101.04,151814.0,98.95,97.62,0.0,0.0,99.29,98.96,96.39,0.0,65.14
84,2020-03-26 10:05:00,100.96,101.1,100.07,100.71,106260.0,99.09,97.74,0.0,0.0,99.57,99.17,96.53,0.0,62.76
85,2020-03-26 10:10:00,100.84,102.3,100.84,102.2,150880.0,99.27,97.89,0.0,0.0,100.1,99.55,96.7,0.0,68.38
86,2020-03-26 10:15:00,102.2134,102.5982,101.7221,101.97,135747.0,99.39,98.0,0.0,0.0,100.47,99.85,96.86,0.0,66.71
87,2020-03-26 10:20:00,102.1087,102.94,101.36,102.82,79389.0,99.56,98.11,0.0,0.0,100.94,100.23,97.04,0.0,69.67
88,2020-03-26 10:25:00,102.9,103.5,102.72,103.42,154932.0,99.75,98.22,0.0,0.0,101.44,100.62,97.23,0.0,71.58
89,2020-03-26 10:30:00,103.32,103.61,102.87,103.15,124441.0,99.93,98.35,0.0,0.0,101.78,100.94,97.41,0.0,69.46
90,2020-03-26 10:35:00,103.13,104.37,102.99,104.37,101317.0,100.17,98.52,0.0,0.0,102.3,101.37,97.62,0.0,73.32
91,2020-03-26 10:40:00,104.37,104.45,103.21,103.22,101876.0,100.34,98.67,0.0,0.0,102.48,101.6,97.79,0.0,64.98
92,2020-03-26 10:45:00,103.25,103.64,102.94,103.3,105499.0,100.52,98.82,0.0,0.0,102.65,101.81,97.96,0.0,65.28
93,2020-03-26 10:50:00,103.35,103.6195,102.13,102.69,92082.0,100.67,98.94,0.0,0.0,102.65,101.92,98.1,0.0,61.04
94,2020-03-26 10:55:00,102.655,102.77,102.16,102.75,69318.0,100.87,99.07,0.0,0.0,102.67,102.03,98.24,0.0,61.31
95,2020-03-26 11:00:00,102.73,103.06,102.33,102.87,72067.0,101.13,99.2,0.0,0.0,102.71,102.13,98.38,0.0,61.87
96,2020-03-26 11:05:00,102.92,103.65,102.49,103.6321,108259.0,101.48,99.35,0.0,0.0,102.9,102.32,98.54,0.0,65.3
97,2020-03-26 11:10:00,103.57,103.86,103.37,103.49,206448.0,101.85,99.49,0.0,0.0,103.02,102.47,98.69,0.0,64.14
98,2020-03-26 11:15:00,103.47,103.89,103.39,103.75,140094.0,102.15,99.63,0.0,0.0,103.16,102.63,98.85,0.0,65.36
99,2020-03-26 11:20:00,103.72,104.56,103.71,104.48,93411.0,102.4,99.79,95.97,0.0,103.43,102.86,99.02,0.0,68.57
100,2020-03-26 11:25:00,104.485,104.65,103.97,104.33,107326.0,102.68,99.93,96.12,0.0,103.61,103.04,99.18,0.0,67.19
101,2020-03-26 11:30:00,104.33,104.55,103.542,104.14,104465.0,102.93,100.05,96.28,0.0,103.71,103.18,99.33,0.0,65.4
102,2020-03-26 11:35:00,104.13,104.35,103.68,103.9,147454.0,103.11,100.18,96.44,0.0,103.75,103.27,99.47,0.0,63.1
103,2020-03-26 11:40:00,103.89,104.0,103.56,103.92,102522.0,103.26,100.32,96.6,0.0,103.78,103.35,99.6,0.0,63.22
104,2020-03-26 11:45:00,103.935,104.245,103.42,103.8,114116.0,103.41,100.46,96.77,0.0,103.79,103.41,99.73,0.0,61.96
105,2020-03-26 11:50:00,103.83,104.0,103.288,103.79,235514.0,103.49,100.62,96.93,0.0,103.79,103.45,99.85,0.0,61.85
106,2020-03-26 11:55:00,103.79,104.57,103.43,104.16,91365.0,103.6,100.76,97.11,0.0,103.86,103.54,99.98,0.0,64.38
107,2020-03-26 12:00:00,104.17,104.33,103.19,103.78,94779.0,103.65,100.87,97.28,0.0,103.85,103.57,100.1,0.0,59.98
108,2020-03-26 12:05:00,103.81,103.91,103.25,103.77,137108.0,103.66,100.99,97.45,0.0,103.83,103.6,100.21,0.0,59.87
109,2020-03-26 12:10:00,103.815,103.98,102.97,103.35,144086.0,103.67,101.11,97.6,0.0,103.73,103.57,100.3,0.0,55.06
110,2020-03-26 12:15:00,103.3739,103.855,103.03,103.13,119716.0,103.61,101.24,97.76,0.0,103.61,103.51,100.39,0.0,52.67
111,2020-03-26 12:20:00,103.13,103.3,102.65,102.98,115174.0,103.6,101.36,97.91,0.0,103.49,103.45,100.47,0.0,51.05
112,2020-03-26 12:25:00,102.98,103.71,102.8,103.53,110886.0,103.61,101.48,98.05,0.0,103.5,103.46,100.56,0.0,56.36
113,2020-03-26 12:30:00,103.4488,103.78,103.03,103.245,161137.0,103.64,101.59,98.17,0.0,103.45,103.43,100.64,0.0,53.14
114,2020-03-26 12:35:00,103.2715,103.7,103.15,103.552,79134.0,103.68,101.71,98.29,0.0,103.47,103.44,100.73,0.0,56.06
115,2020-03-26 12:40:00,103.25,103.35,102.74,102.99,80556.0,103.69,101.79,98.41,0.0,103.37,103.39,100.8,0.0,49.94
116,2020-03-26 12:45:00,103.0,103.02,102.29,102.44,70527.0,103.63,101.85,98.53,0.0,103.19,103.27,100.85,0.0,44.79
117,2020-03-26 12:50:00,102.49,102.62,101.815,102.6,87544.0,103.58,101.92,98.64,0.0,103.07,103.19,100.9,0.0,46.51
118,2020-03-26 12:55:00,102.58,102.805,102.43,102.61,67393.0,103.52,101.98,98.76,0.0,102.98,103.11,100.95,0.0,46.63
119,2020-03-26 13:00:00,102.61,102.97,102.46,102.8,111470.0,103.44,102.04,98.87,0.0,102.94,103.07,101.01,0.0,48.83
120,2020-03-26 13:05:00,102.8,103.09,102.7,103.0197,67058.0,103.38,102.11,98.99,0.0,102.96,103.07,101.07,0.0,51.33
121,2020-03-26 13:10:00,103.01,103.03,101.89,102.015,86558.0,103.27,102.15,99.1,0.0,102.77,102.94,101.1,0.0,41.37
122,2020-03-26 13:15:00,102.07,102.24,101.19,101.6,73207.0,103.15,102.19,99.2,0.0,102.53,102.77,101.11,0.0,38.09
123,2020-03-26 13:20:00,101.55,102.24,101.28,102.06,64890.0,103.06,102.24,99.31,0.0,102.44,102.68,101.14,0.0,43.45
124,2020-03-26 13:25:00,102.025,102.19,101.17,101.83,88975.0,102.96,102.3,99.42,0.0,102.32,102.57,101.16,0.0,41.51
125,2020-03-26 13:30:00,101.82,101.96,101.2,101.36,65076.0,102.84,102.37,99.51,0.0,102.13,102.42,101.17,0.0,37.81
126,2020-03-26 13:35:00,101.31,101.46,100.59,101.2882,76845.0,102.7,102.47,99.61,0.0,101.96,102.28,101.17,0.0,37.26
127,2020-03-26 13:40:00,101.26,102.2178,101.24,102.2178,47817.0,102.62,102.59,99.71,0.0,102.01,102.27,101.2,0.0,47.8
128,2020-03-26 13:45:00,102.2,102.63,101.93,102.315,75505.0,102.55,102.68,99.81,0.0,102.07,102.28,101.24,0.0,48.77
129,2020-03-26 13:50:00,102.39,102.39,101.34,101.85,47470.0,102.47,102.73,99.91,0.0,102.03,102.22,101.26,0.0,44.51
130,2020-03-26 13:55:00,101.85,101.8633,101.25,101.34,53315.0,102.38,102.78,99.99,0.0,101.89,102.11,101.26,0.0,40.35
131,2020-03-26 14:00:00,101.35,101.4,100.77,100.91,67206.0,102.28,102.82,100.07,0.0,101.69,101.96,101.25,0.0,37.19
132,2020-03-26 14:05:00,101.09,101.5226,100.77,101.5226,48204.0,102.18,102.84,100.15,0.0,101.66,101.91,101.26,0.0,43.92
133,2020-03-26 14:10:00,101.45,101.47,100.53,100.79,49168.0,102.06,102.84,100.23,0.0,101.49,101.77,101.24,0.0,38.6
134,2020-03-26 14:15:00,100.86,101.12,100.11,100.79,66963.0,101.92,102.84,100.29,0.0,101.35,101.65,101.23,0.0,38.6
135,2020-03-26 14:20:00,100.7366,101.18,100.4,100.7,78308.0,101.8,102.81,100.35,0.0,101.22,101.53,101.21,0.0,37.94
136,2020-03-26 14:25:00,100.64,100.936,100.12,100.3399,112232.0,101.7,102.77,100.38,0.0,101.04,101.38,101.19,0.0,35.35
137,2020-03-26 14:30:00,100.33,100.77,100.12,100.26,65920.0,101.58,102.72,100.42,0.0,100.89,101.24,101.16,0.0,34.79
138,2020-03-26 14:35:00,100.26,101.95,100.18,101.76,399402.0,101.54,102.69,100.45,0.0,101.06,101.3,101.18,0.0,50.75
139,2020-03-26 14:40:00,101.75,102.48,101.7,101.97,107348.0,101.5,102.67,100.51,0.0,101.24,101.39,101.2,0.0,52.5
140,2020-03-26 14:45:00,101.78,102.02,101.05,101.08,344622.0,101.4,102.6,100.56,0.0,101.21,101.35,101.2,0.0,45.17
141,2020-03-26 14:50:00,101.1,101.82,101.1,101.58,114189.0,101.38,102.57,100.62,0.0,101.28,101.38,101.21,0.0,49.44
142,2020-03-26 14:55:00,101.61,102.66,101.535,102.43,109464.0,101.42,102.55,100.68,0.0,101.51,101.51,101.25,0.0,55.76
143,2020-03-26 15:00:00,102.41,102.85,101.89,102.37,88749.0,101.44,102.54,100.74,0.0,101.68,101.62,101.28,0.0,55.23
144,2020-03-26 15:05:00,102.365,102.52,101.645,101.9401,160536.0,101.44,102.53,100.8,0.0,101.74,101.66,101.3,0.0,51.49
145,2020-03-26 15:10:00,101.96,102.05,101.01,101.6907,141096.0,101.46,102.5,100.85,0.0,101.73,101.66,101.31,0.0,49.41
146,2020-03-26 15:15:00,101.65,101.69,100.9,101.06,77990.0,101.45,102.45,100.9,0.0,101.59,101.59,101.3,0.0,44.49
147,2020-03-26 15:20:00,101.0001,101.52,100.73,101.45,82484.0,101.41,102.41,100.95,0.0,101.56,101.57,101.31,0.0,47.94
148,2020-03-26 15:25:00,101.41,102.45,101.4,102.07,156082.0,101.4,102.38,101.0,0.0,101.67,101.63,101.33,0.0,52.94
149,2020-03-26 15:30:00,102.07,102.23,101.38,101.47,79991.0,101.38,102.32,101.05,0.0,101.63,101.61,101.34,0.0,48.12
150,2020-03-26 15:35:00,101.47,102.04,101.3791,101.91,108145.0,101.4,102.27,101.1,0.0,101.68,101.65,101.35,0.0,51.6
151,2020-03-26 15:40:00,101.92,102.08,100.71,101.27,154511.0,101.42,102.21,101.13,0.0,101.6,101.6,101.35,0.0,46.7
152,2020-03-26 15:45:00,101.44,102.08,101.24,101.96,155929.0,101.44,102.17,101.18,0.0,101.67,101.65,101.37,0.0,52.0
153,2020-03-26 15:50:00,101.96,102.36,101.5,102.18,207774.0,101.51,102.14,101.23,0.0,101.77,101.71,101.39,0.0,53.58
154,2020-03-26 15:55:00,102.25,104.85,102.25,104.28,300442.0,101.69,102.15,101.3,0.0,102.28,102.03,101.48,0.0,65.34
155,2020-03-26 16:00:00,104.28,105.05,104.14,104.49,656018.0,101.88,102.16,101.39,0.0,102.72,102.34,101.57,0.0,66.26
156,2020-03-27 09:35:00,98.0,100.23,98.0,99.795,335839.0,101.85,102.07,101.42,0.0,102.13,102.02,101.52,0.0,40.42
157,2020-03-27 09:40:00,99.74,100.77,99.06,99.475,199431.0,101.81,101.99,101.43,0.0,101.6,101.7,101.46,0.0,39.29
158,2020-03-27 09:45:00,99.475,99.64,98.5918,99.26,159356.0,101.69,101.9,101.44,0.0,101.13,101.4,101.39,0.0,38.51
159,2020-03-27 09:50:00,99.105,99.265,98.72,99.03,113072.0,101.54,101.81,101.46,0.0,100.71,101.1,101.32,0.0,37.66
160,2020-03-27 09:55:00,99.115,99.45,98.5,98.835,105904.0,101.43,101.73,101.48,0.0,100.34,100.82,101.24,0.0,36.91
161,2020-03-27 10:00:00,98.92,99.82,98.7,99.53,103507.0,101.32,101.66,101.51,0.0,100.18,100.66,101.19,0.0,41.39
162,2020-03-27 10:05:00,99.4,99.51,98.84,99.1221,72702.0,101.16,101.57,101.53,0.0,99.97,100.47,101.13,0.0,39.61
163,2020-03-27 10:10:00,99.2,99.53,98.96,99.43,73389.0,101.01,101.49,101.54,0.0,99.86,100.34,101.08,0.0,41.65
164,2020-03-27 10:15:00,99.435,100.45,99.435,100.385,120929.0,100.93,101.43,101.57,0.0,99.96,100.34,101.06,0.0,47.55
165,2020-03-27 10:20:00,100.2,100.255,99.45,99.87,147450.0,100.84,101.37,101.58,0.0,99.94,100.28,101.02,0.0,44.91
166,2020-03-27 10:25:00,99.955,99.9794,99.52,99.8,70759.0,100.78,101.31,101.58,0.0,99.92,100.22,100.98,0.0,44.55
167,2020-03-27 10:30:00,99.745,99.96,99.54,99.93,70449.0,100.7,101.26,101.59,0.0,99.92,100.19,100.95,0.0,45.43
168,2020-03-27 10:35:00,99.8949,100.02,99.45,99.57,113022.0,100.58,101.2,101.59,0.0,99.85,100.11,100.91,0.0,43.38
169,2020-03-27 10:40:00,99.61,100.41,99.46,100.06,108472.0,100.51,101.15,101.59,0.0,99.89,100.1,100.88,0.0,46.9
170,2020-03-27 10:45:00,99.95,100.625,99.75,99.8,92643.0,100.4,101.08,101.59,0.0,99.87,100.07,100.85,0.0,45.29
171,2020-03-27 10:50:00,99.76,99.955,99.66,99.83,107314.0,100.33,101.04,101.59,0.0,99.86,100.04,100.82,0.0,45.52
172,2020-03-27 10:55:00,99.8,100.29,99.68,100.12,143282.0,100.24,101.01,101.6,0.0,99.92,100.05,100.8,0.0,47.82
173,2020-03-27 11:00:00,100.13,100.23,99.69,99.71,85748.0,100.12,100.96,101.6,0.0,99.87,100.0,100.77,0.0,44.93
174,2020-03-27 11:05:00,99.66,99.66,99.11,99.22,137845.0,99.86,100.91,101.6,0.0,99.74,99.91,100.72,0.0,41.69
175,2020-03-27 11:10:00,99.21,99.55,99.08,99.52,54262.0,99.61,100.87,101.62,0.0,99.7,99.86,100.68,0.0,44.34
176,2020-03-27 11:15:00,100.32,100.32,99.85,100.02,101373.0,99.63,100.85,101.66,0.0,99.76,99.88,100.66,0.0,48.54
177,2020-03-27 11:20:00,100.03,100.78,100.02,100.73,95336.0,99.69,100.82,101.7,0.0,99.96,99.98,100.66,0.0,53.86
178,2020-03-27 11:25:00,100.76,100.88,99.94,99.99,88944.0,99.73,100.77,101.72,0.0,99.96,99.99,100.64,0.0,48.26
179,2020-03-27 11:30:00,99.98,100.2,99.49,99.78,101122.0,99.76,100.73,101.73,0.0,99.93,99.96,100.62,0.0,46.77
180,2020-03-27 11:35:00,99.77,99.87,99.43,99.75,84962.0,99.81,100.7,101.74,0.0,99.89,99.93,100.59,0.0,46.55
181,2020-03-27 11:40:00,99.72,100.05,99.56,99.67,86867.0,99.82,100.67,101.74,0.0,99.85,99.9,100.56,0.0,45.93
182,2020-03-27 11:45:00,99.715,100.115,99.58,99.9,64048.0,99.85,100.64,101.74,0.0,99.86,99.9,100.54,0.0,48.08
183,2020-03-27 11:50:00,99.88,100.01,99.61,99.81,69417.0,99.87,100.62,101.73,0.0,99.85,99.89,100.52,0.0,47.28
184,2020-03-27 11:55:00,99.78,100.26899999999999,99.78,100.195,51887.0,99.86,100.61,101.72,0.0,99.92,99.93,100.51,0.0,51.0
185,2020-03-27 12:00:00,100.18,100.26,99.77,99.98,65694.0,99.87,100.59,101.7,0.0,99.93,99.93,100.5,0.0,48.93
186,2020-03-27 12:05:00,99.947,100.08,99.81,99.93,53504.0,99.88,100.59,101.68,0.0,99.93,99.93,100.48,0.0,48.43
187,2020-03-27 12:10:00,99.93,100.15,99.77,99.815,109739.0,99.87,100.58,101.65,0.0,99.91,99.92,100.46,0.0,47.25
188,2020-03-27 12:15:00,99.87,99.9,99.25,99.72,89871.0,99.88,100.54,101.61,0.0,99.87,99.89,100.44,0.0,46.25
189,2020-03-27 12:20:00,99.7636,100.17,99.56,100.12,62747.0,99.88,100.5,101.58,0.0,99.92,99.92,100.43,0.0,50.97
190,2020-03-27 12:25:00,100.12,100.28,99.75,99.92,61563.0,99.89,100.48,101.54,0.0,99.92,99.92,100.41,0.0,48.67
191,2020-03-27 12:30:00,99.98,100.255,99.89,99.89,53630.0,99.89,100.44,101.5,0.0,99.91,99.92,100.4,0.0,48.32
192,2020-03-27 12:35:00,99.905,100.4,99.77,100.05,74191.0,99.89,100.39,101.47,0.0,99.94,99.93,100.38,0.0,50.38
193,2020-03-27 12:40:00,99.97,100.245,99.71,99.795,69075.0,99.89,100.34,101.44,0.0,99.91,99.92,100.37,0.0,47.15
194,2020-03-27 12:45:00,99.795,100.21,99.675,99.915,45835.0,99.93,100.3,101.41,0.0,99.91,99.92,100.35,0.0,48.81
195,2020-03-27 12:50:00,99.86,99.95,99.35,99.39,48994.0,99.92,100.26,101.38,0.0,99.81,99.85,100.32,0.0,42.51
196,2020-03-27 12:55:00,99.39,99.39,99.0,99.25,58786.0,99.88,100.22,101.34,0.0,99.7,99.78,100.29,0.0,40.99
197,2020-03-27 13:00:00,99.25,99.7,99.2,99.58,45757.0,99.82,100.18,101.3,0.0,99.67,99.75,100.27,0.0,45.9
198,2020-03-27 13:05:00,99.575,99.92,99.425,99.795,63976.0,99.81,100.14,101.26,0.0,99.7,99.76,100.26,0.0,48.88
199,2020-03-27 13:10:00,99.785,100.05,99.76,99.99,110086.0,99.82,100.11,101.21,98.59,99.76,99.79,100.25,98.44,51.5
200,2020-03-27 13:15:00,100.005,100.08,99.76,99.92,62729.0,99.83,100.07,101.17,98.64,99.79,99.8,100.24,98.45,50.5
201,2020-03-27 13:20:00,99.915,100.25,99.87,100.05,61573.0,99.85,100.04,101.13,98.7,99.84,99.83,100.23,98.47,52.35
202,2020-03-27 13:25:00,100.08,100.18,99.95,100.165,29062.0,99.86,100.01,101.09,98.76,99.91,99.88,100.23,98.49,53.98
203,2020-03-27 13:30:00,100.165,100.46,99.75,100.1,105000.0,99.88,99.97,101.05,98.83,99.94,99.9,100.23,98.5,52.88
204,2020-03-27 13:35:00,100.175,100.7,99.99,100.59,47244.0,99.9,99.89,101.02,98.89,100.07,99.99,100.24,98.52,59.59
205,2020-03-27 13:40:00,100.56,101.21,100.37,101.2,68164.0,99.96,99.83,100.99,98.96,100.3,100.14,100.27,98.55,66.07
206,2020-03-27 13:45:00,101.18,101.47,100.9501,101.06,82352.0,100.02,99.85,100.96,99.04,100.45,100.26,100.29,98.58,63.55
207,2020-03-27 13:50:00,101.0101,101.25,100.84,101.09,69048.0,100.08,99.88,100.94,99.11,100.58,100.36,100.31,98.6,63.87
208,2020-03-27 13:55:00,101.115,101.19,100.77,100.895,54567.0,100.14,99.92,100.91,99.18,100.64,100.43,100.33,98.62,60.2
209,2020-03-27 14:00:00,100.91,101.18,100.86,100.9,78403.0,100.18,99.95,100.88,99.24,100.69,100.49,100.35,98.65,60.26
210,2020-03-27 14:05:00,100.92,100.97,100.62,100.73,94680.0,100.22,99.99,100.86,99.31,100.7,100.52,100.36,98.67,56.95
211,2020-03-27 14:10:00,100.77,101.1099,100.6,100.8,80684.0,100.26,100.02,100.84,99.37,100.72,100.55,100.37,98.69,57.97
212,2020-03-27 14:15:00,100.795,101.11,100.73,101.0,61127.0,100.31,100.05,100.81,99.43,100.78,100.61,100.39,98.71,60.84
213,2020-03-27 14:20:00,101.06,101.16,100.7,100.9,47676.0,100.37,100.08,100.79,99.48,100.8,100.64,100.41,98.73,58.69
214,2020-03-27 14:25:00,100.915,101.13,100.7,100.74,65314.0,100.41,100.09,100.76,99.53,100.79,100.66,100.42,98.75,55.31
215,2020-03-27 14:30:00,100.77,101.085,100.64,100.995,74944.0,100.49,100.11,100.74,99.58,100.83,100.7,100.44,98.77,59.32
216,2020-03-27 14:35:00,100.95,101.25,100.91,101.155,68986.0,100.58,100.14,100.73,99.63,100.9,100.76,100.46,98.8,61.65
217,2020-03-27 14:40:00,101.1711,101.21,100.815,100.84,65816.0,100.65,100.16,100.71,99.68,100.88,100.77,100.47,98.82,54.98
218,2020-03-27 14:45:00,100.89,100.91,99.54,99.66,83666.0,100.64,100.16,100.68,99.72,100.64,100.63,100.44,98.83,38.28
219,2020-03-27 14:50:00,99.55,99.55,98.8,98.89,63126.0,100.58,100.14,100.64,99.76,100.29,100.41,100.4,98.83,31.54
220,2020-03-27 14:55:00,98.87,99.71,98.835,99.56,63737.0,100.57,100.13,100.61,99.8,100.14,100.3,100.37,98.84,41.23
221,2020-03-27 15:00:00,99.61,99.77,99.21,99.47,64009.0,100.54,100.13,100.58,99.84,100.01,100.2,100.34,98.84,40.4
222,2020-03-27 15:05:00,99.525,100.39,99.43,99.98,75092.0,100.53,100.12,100.57,99.88,100.0,100.17,100.33,98.85,46.91
223,2020-03-27 15:10:00,99.97,100.62,99.865,100.5,81006.0,100.55,100.14,100.55,99.93,100.1,100.21,100.34,98.87,52.58
224,2020-03-27 15:15:00,100.538,100.69,99.82,100.09,91470.0,100.52,100.16,100.53,99.97,100.1,100.2,100.33,98.88,48.21
225,2020-03-27 15:20:00,100.014,100.7519,100.014,100.54,79255.0,100.49,100.18,100.52,100.02,100.19,100.24,100.34,98.9,52.85
226,2020-03-27 15:25:00,100.52,101.1091,100.38,100.98,81509.0,100.49,100.2,100.52,100.06,100.35,100.33,100.36,98.92,56.91
227,2020-03-27 15:30:00,101.01,101.65,100.95,101.42,133994.0,100.5,100.21,100.51,100.11,100.56,100.47,100.39,98.94,60.57
228,2020-03-27 15:35:00,101.39,101.73,100.86,100.92,147900.0,100.5,100.23,100.5,100.15,100.63,100.53,100.41,98.96,54.87
229,2020-03-27 15:40:00,100.935,100.94,99.765,99.84,128200.0,100.45,100.23,100.48,100.19,100.47,100.44,100.39,98.97,45.01
230,2020-03-27 15:45:00,99.815,99.89,99.0,99.16,190761.0,100.37,100.22,100.46,100.22,100.21,100.28,100.35,98.97,40.12
231,2020-03-27 15:50:00,99.11,99.52,98.01899999999999,98.11,208122.0,100.24,100.19,100.43,100.25,99.79,100.01,100.28,98.96,33.98
232,2020-03-27 15:55:00,98.085,98.085,96.52,96.7,354836.0,100.02,100.12,100.38,100.26,99.17,99.59,100.17,98.94,27.83
233,2020-03-27 16:00:00,96.71,97.31,96.67,97.14,518205.0,99.83,100.07,100.34,100.29,98.77,99.29,100.08,98.92,31.97
234,2020-03-30 09:35:00,96.08,97.99,95.58,97.773,232843.0,99.69,100.02,100.31,100.3,98.57,99.1,100.01,98.91,37.52
235,2020-03-30 09:40:00,97.71,97.71,95.73,95.73,98156.0,99.42,99.94,100.26,100.31,98.0,98.68,99.88,98.88,29.23
236,2020-03-30 09:45:00,95.87,95.94,95.16,95.5078,65595.0,99.14,99.85,100.22,100.3,97.5,98.28,99.75,98.85,28.49
237,2020-03-30 09:50:00,94.73,95.84,94.73,95.15,159732.0,98.86,99.75,100.16,100.29,97.03,97.89,99.61,98.81,27.3
238,2020-03-30 09:55:00,95.28,96.6,95.19,96.49,88651.0,98.7,99.69,100.11,100.28,96.92,97.71,99.52,98.79,37.81
239,2020-03-30 10:00:00,96.47,96.72,96.1,96.26,49441.0,98.57,99.61,100.06,100.28,96.79,97.53,99.42,98.76,36.83
240,2020-03-30 10:05:00,96.24,96.48,95.67,95.84,77118.0,98.38,99.53,100.0,100.28,96.6,97.32,99.31,98.73,35.03
241,2020-03-30 10:10:00,95.87,96.39,95.75,96.12,92658.0,98.21,99.45,99.95,100.28,96.5,97.17,99.21,98.71,37.23
242,2020-03-30 10:15:00,96.03,96.93,95.67,96.91,86848.0,98.06,99.39,99.89,100.29,96.59,97.14,99.14,98.69,43.07
243,2020-03-30 10:20:00,96.95,97.58,96.62,97.51100000000001,71779.0,97.91,99.35,99.84,100.29,96.77,97.19,99.09,98.68,47.11
244,2020-03-30 10:25:00,97.53,97.545,96.9,97.28,57890.0,97.77,99.29,99.8,100.3,96.87,97.2,99.04,98.66,45.77
245,2020-03-30 10:30:00,97.25,97.835,97.03,97.19,53310.0,97.6,99.25,99.75,100.3,96.94,97.2,98.98,98.65,45.23
246,2020-03-30 10:35:00,97.26,97.73,97.14,97.73,60205.0,97.44,99.22,99.72,100.31,97.09,97.26,98.94,98.64,49.11
247,2020-03-30 10:40:00,97.77,98.63,97.77,98.405,51366.0,97.29,99.2,99.69,100.32,97.36,97.41,98.93,98.64,53.55
248,2020-03-30 10:45:00,98.41,98.87,98.11,98.36,104546.0,97.16,99.17,99.65,100.33,97.56,97.52,98.91,98.64,53.22
249,2020-03-30 10:50:00,98.285,98.48,97.82,98.44,41229.0,97.09,99.14,99.62,100.34,97.73,97.64,98.9,98.63,53.77
250,2020-03-30 10:55:00,98.42,98.44,97.31,97.53,94185.0,97.01,99.09,99.58,100.34,97.69,97.63,98.86,98.62,46.99
251,2020-03-30 11:00:00,97.54,97.73,97.15,97.29,68436.0,96.97,99.03,99.54,100.33,97.61,97.58,98.81,98.61,45.37
252,2020-03-30 11:05:00,97.28,97.43,97.03,97.11,89629.0,96.99,98.97,99.49,100.33,97.51,97.52,98.76,98.59,44.14
253,2020-03-30 11:10:00,97.11,97.78,96.895,97.44,63672.0,97.0,98.92,99.44,100.34,97.5,97.51,98.72,98.58,46.98
254,2020-03-30 11:15:00,97.54,98.02,97.505,97.7664,39111.0,97.0,98.86,99.38,100.34,97.55,97.55,98.69,98.57,49.7
255,2020-03-30 11:20:00,97.815,98.425,97.67,98.425,68720.0,97.14,98.81,99.32,100.35,97.73,97.66,98.68,98.57,54.76
256,2020-03-30 11:25:00,98.435,98.535,98.14,98.51,54125.0,97.29,98.76,99.3,100.36,97.88,97.76,98.67,98.57,55.38
257,2020-03-30 11:30:00,98.39,98.6838,98.1,98.62,54178.0,97.46,98.71,99.29,100.36,98.03,97.87,98.67,98.57,56.22
258,2020-03-30 11:35:00,98.55,99.18,98.55,99.14,108523.0,97.59,98.67,99.29,100.37,98.25,98.03,98.69,98.58,60.05
259,2020-03-30 11:40:00,99.14,99.3,98.74,99.08,123199.0,97.73,98.63,99.29,100.38,98.42,98.16,98.7,98.58,59.41
260,2020-03-30 11:45:00,99.075,99.52,99.01,99.33,74953.0,97.91,98.61,99.3,100.39,98.6,98.31,98.72,98.59,61.27
261,2020-03-30 11:50:00,99.33,99.47,99.04,99.17,81189.0,98.06,98.57,99.3,100.4,98.71,98.41,98.73,98.6,59.39
262,2020-03-30 11:55:00,99.22,99.44,98.87,99.415,102474.0,98.19,98.54,99.3,100.41,98.85,98.54,98.75,98.6,61.35
263,2020-03-30 12:00:00,99.41,99.81,99.21,99.56,51950.0,98.29,98.52,99.3,100.42,99.0,98.67,98.78,98.61,62.5
264,2020-03-30 12:05:00,99.62,99.64,98.81,99.13,114722.0,98.38,98.48,99.29,100.43,99.02,98.72,98.79,98.62,57.06
265,2020-03-30 12:10:00,99.12,99.245,98.56,98.625,82351.0,98.45,98.44,99.27,100.43,98.94,98.71,98.78,98.62,51.41
266,2020-03-30 12:15:00,98.66,99.035,98.55,98.84,42630.0,98.51,98.39,99.27,100.42,98.92,98.73,98.78,98.62,53.52
267,2020-03-30 12:20:00,98.81,99.2132,98.81,99.13,44742.0,98.55,98.36,99.26,100.42,98.96,98.78,98.79,98.63,56.28
268,2020-03-30 12:25:00,99.13,99.27,98.88,99.14,55788.0,98.58,98.34,99.25,100.42,99.0,98.82,98.81,98.63,56.38
269,2020-03-30 12:30:00,99.1975,99.67,99.1,99.56,37547.0,98.64,98.36,99.25,100.42,99.11,98.92,98.83,98.64,60.33
270,2020-03-30 12:35:00,99.55,99.55,98.87,99.02,39416.0,98.72,98.35,99.24,100.42,99.09,98.93,98.83,98.64,53.61
271,2020-03-30 12:40:00,99.08,99.385,98.92,99.385,35045.0,98.82,98.35,99.24,100.41,99.15,98.99,98.85,98.65,57.09
272,2020-03-30 12:45:00,99.42,99.44,99.06,99.115,39785.0,98.92,98.33,99.23,100.41,99.14,99.0,98.86,98.66,53.87
273,2020-03-30 12:50:00,99.15,99.41,99.02,99.295,35544.0,99.01,98.3,99.22,100.41,99.17,99.04,98.87,98.66,55.66
274,2020-03-30 12:55:00,99.295,99.57,99.22,99.49,50976.0,99.1,98.29,99.22,100.41,99.24,99.09,98.89,98.67,57.59
275,2020-03-30 13:00:00,99.53,99.68,99.2,99.56,40299.0,99.16,98.27,99.22,100.42,99.3,99.15,98.91,98.68,58.29
276,2020-03-30 13:05:00,99.55,99.55,98.98,99.02,39839.0,99.18,98.23,99.21,100.44,99.25,99.14,98.91,98.68,51.26
277,2020-03-30 13:10:00,99.02,99.0808,98.16,98.235,73264.0,99.16,98.17,99.19,100.45,99.04,99.02,98.89,98.68,43.12
278,2020-03-30 13:15:00,98.26,98.59,98.13,98.331,55201.0,99.12,98.12,99.17,100.45,98.9,98.94,98.88,98.68,44.28
279,2020-03-30 13:20:00,98.37,98.755,98.28,98.57,34333.0,99.1,98.09,99.16,100.44,98.83,98.89,98.87,98.67,47.18
280,2020-03-30 13:25:00,98.59,98.9,98.43,98.54,35511.0,99.06,98.08,99.15,100.44,98.78,98.85,98.86,98.67,46.85
281,2020-03-30 13:30:00,98.56,98.575,98.2886,98.52,19195.0,99.02,98.09,99.14,100.44,98.72,98.81,98.85,98.67,46.62
282,2020-03-30 13:35:00,98.43,98.745,98.23,98.675,34220.0,98.99,98.13,99.12,100.43,98.71,98.79,98.84,98.67,48.76
283,2020-03-30 13:40:00,98.705,98.74,98.21,98.575,43295.0,98.94,98.16,99.11,100.42,98.69,98.76,98.83,98.67,47.44
284,2020-03-30 13:45:00,98.56,98.63,97.945,97.98,50490.0,98.88,98.16,99.09,100.41,98.55,98.67,98.81,98.66,40.43
285,2020-03-30 13:50:00,97.96,98.23,97.94,98.08,31924.0,98.85,98.21,99.07,100.39,98.45,98.59,98.79,98.66,41.98
286,2020-03-30 13:55:00,98.115,98.18,98.01,98.03,37540.0,98.81,98.26,99.05,100.37,98.37,98.52,98.76,98.65,41.4
287,2020-03-30 14:00:00,98.05,98.07,97.4,97.4,80266.0,98.73,98.3,99.03,100.34,98.17,98.38,98.72,98.64,34.86
288,2020-03-30 14:05:00,97.3787,97.69,97.16,97.46,91229.0,98.64,98.32,99.01,100.31,98.03,98.27,98.68,98.63,35.9
289,2020-03-30 14:10:00,97.46,97.7,97.21,97.39,44758.0,98.53,98.35,98.98,100.28,97.9,98.16,98.64,98.62,35.19
290,2020-03-30 14:15:00,97.385,97.385,96.91,96.99,97020.0,98.43,98.37,98.95,100.24,97.72,98.01,98.59,98.6,31.4
291,2020-03-30 14:20:00,96.99,97.11,96.75,96.99,48513.0,98.31,98.39,98.92,100.21,97.57,97.88,98.55,98.58,31.4
292,2020-03-30 14:25:00,96.99,97.57,96.635,97.25,83891.0,98.22,98.39,98.89,100.18,97.51,97.8,98.51,98.57,36.56
293,2020-03-30 14:30:00,97.25,97.57,97.09,97.535,35784.0,98.13,98.39,98.87,100.16,97.51,97.77,98.48,98.56,41.73
294,2020-03-30 14:35:00,97.45,97.72,97.28,97.35,69569.0,98.02,98.39,98.84,100.13,97.48,97.72,98.44,98.55,39.48
295,2020-03-30 14:40:00,97.35,97.43,97.115,97.335,69662.0,97.91,98.4,98.82,100.1,97.45,97.67,98.41,98.54,39.29
296,2020-03-30 14:45:00,97.335,97.43,97.0201,97.37,60706.0,97.83,98.39,98.8,100.07,97.44,97.63,98.38,98.52,40.0
297,2020-03-30 14:50:00,97.38,97.46,97.14,97.21,35178.0,97.78,98.37,98.78,100.04,97.39,97.58,98.34,98.51,37.83
298,2020-03-30 14:55:00,97.2,97.4,96.9424,97.22,63637.0,97.72,98.34,98.76,100.01,97.36,97.53,98.31,98.5,38.06
299,2020-03-30 15:00:00,97.24,97.43,97.17,97.18,61375.0,97.65,98.32,98.73,99.97,97.32,97.49,98.27,98.48,37.47
300,2020-03-30 15:05:00,97.2,97.7,97.07,97.51,98090.0,97.6,98.32,98.7,99.94,97.36,97.49,98.25,98.48,45.0
301,2020-03-30 15:10:00,97.5,97.635,97.21,97.45,63105.0,97.55,98.32,98.68,99.9,97.38,97.49,98.23,98.47,43.96
302,2020-03-30 15:15:00,97.51,97.93,97.4501,97.72,70498.0,97.5,98.33,98.65,99.87,97.45,97.52,98.21,98.46,49.59
303,2020-03-30 15:20:00,97.7,97.8247,97.557,97.67,87687.0,97.46,98.34,98.63,99.84,97.49,97.54,98.19,98.45,48.62
304,2020-03-30 15:25:00,97.685,98.09,97.685,97.82,67864.0,97.45,98.34,98.6,99.81,97.56,97.57,98.18,98.44,51.68
305,2020-03-30 15:30:00,97.85,98.02,97.09,97.47,75214.0,97.42,98.32,98.56,99.78,97.54,97.56,98.16,98.43,44.95
306,2020-03-30 15:35:00,97.58,97.705,97.185,97.45,65754.0,97.39,98.3,98.53,99.75,97.52,97.55,98.14,98.42,44.59
307,2020-03-30 15:40:00,97.43,97.83,97.07,97.79,124927.0,97.41,98.28,98.49,99.72,97.58,97.58,98.13,98.42,51.64
308,2020-03-30 15:45:00,97.77,98.0,97.4,97.56,123181.0,97.41,98.25,98.46,99.68,97.57,97.57,98.11,98.41,47.26
309,2020-03-30 15:50:00,97.605,98.6,97.46,97.65,110039.0,97.43,98.22,98.43,99.66,97.59,97.58,98.1,98.4,49.08
310,2020-03-30 15:55:00,97.86,98.84,97.73,98.355,202191.0,97.49,98.2,98.4,99.63,97.74,97.68,98.11,98.4,60.56
311,2020-03-30 16:00:00,98.46,98.87,98.39,98.39,333428.0,97.56,98.19,98.38,99.61,97.87,97.77,98.11,98.4,61.03
312,2020-03-31 09:35:00,97.319,98.8379,96.7481,97.1289,173713.0,97.56,98.14,98.34,99.58,97.72,97.69,98.08,98.39,41.74
313,2020-03-31 09:40:00,97.45,97.7007,96.73,96.96,55098.0,97.53,98.09,98.3,99.55,97.57,97.6,98.05,98.37,39.92
314,2020-03-31 09:45:00,97.145,97.48,96.87,96.9583,53473.0,97.51,98.05,98.26,99.51,97.45,97.52,98.02,98.36,39.9
315,2020-03-31 09:50:00,96.89,97.16,96.72,96.95,38588.0,97.49,98.01,98.22,99.48,97.35,97.45,97.99,98.35,39.8
316,2020-03-31 09:55:00,96.84,97.48,96.8,96.9425,49612.0,97.47,97.97,98.18,99.45,97.27,97.38,97.95,98.33,39.71
317,2020-03-31 10:00:00,97.04,97.51,96.9,97.13,40795.0,97.47,97.93,98.14,99.43,97.24,97.35,97.93,98.32,43.37
318,2020-03-31 10:05:00,97.19,98.46,97.14399999999999,98.3,51319.0,97.52,97.92,98.13,99.41,97.45,97.47,97.94,98.32,59.8
319,2020-03-31 10:10:00,98.33,98.99,98.2,98.285,67268.0,97.57,97.89,98.13,99.38,97.62,97.57,97.95,98.32,59.56
320,2020-03-31 10:15:00,98.25,99.2,98.25,98.82,45068.0,97.64,97.89,98.12,99.36,97.86,97.73,97.98,98.32,64.93
321,2020-03-31 10:20:00,98.69,98.99,98.24,98.63,50552.0,97.7,97.87,98.11,99.35,98.01,97.84,98.0,98.33,61.79
322,2020-03-31 10:25:00,98.65,98.7514,97.635,97.69,68648.0,97.7,97.84,98.09,99.33,97.95,97.82,97.99,98.32,49.13
323,2020-03-31 10:30:00,97.71,97.83,97.33,97.71,51923.0,97.7,97.81,98.06,99.3,97.9,97.81,97.98,98.32,49.37
324,2020-03-31 10:35:00,97.7,98.21,97.65,97.8572,57303.0,97.7,97.78,98.04,99.28,97.89,97.81,97.98,98.31,51.18
325,2020-03-31 10:40:00,97.84,98.44,97.7375,98.2778,53724.0,97.74,97.75,98.01,99.27,97.97,97.87,97.98,98.31,56.01
326,2020-03-31 10:45:00,98.25,98.7431,98.25,98.6499,42827.0,97.8,97.75,97.99,99.26,98.11,97.97,98.0,98.31,59.81
327,2020-03-31 10:50:00,98.57,98.57,97.74,97.84,56615.0,97.8,97.74,97.95,99.23,98.05,97.95,98.0,98.31,49.75
328,2020-03-31 10:55:00,97.84,98.19,97.77,97.95,59250.0,97.82,97.73,97.92,99.21,98.03,97.95,98.0,98.31,50.96
329,2020-03-31 11:00:00,97.88,98.37,97.86,98.04,47066.0,97.84,97.72,97.91,99.19,98.03,97.96,98.0,98.3,51.97
330,2020-03-31 11:05:00,98.015,98.02,97.6,97.64,50023.0,97.81,97.7,97.89,99.17,97.95,97.92,97.99,98.3,47.29
331,2020-03-31 11:10:00,97.68,97.97,97.66,97.82,45637.0,97.78,97.69,97.89,99.16,97.93,97.91,97.98,98.29,49.49
332,2020-03-31 11:15:00,97.82,98.21,97.66,98.0072,56604.0,97.82,97.68,97.9,99.14,97.94,97.92,97.98,98.29,51.76
333,2020-03-31 11:20:00,98.01,98.2645,97.88,98.02,53510.0,97.88,97.66,97.91,99.13,97.96,97.93,97.99,98.29,51.92
334,2020-03-31 11:25:00,98.0,98.1892,97.84,97.98,48263.0,97.93,97.66,97.91,99.11,97.96,97.94,97.99,98.28,51.35
335,2020-03-31 11:30:00,97.98,98.2,97.84,97.99,65980.0,97.98,97.66,97.94,99.1,97.97,97.95,97.99,98.28,51.49
336,2020-03-31 11:35:00,98.02,98.41,97.94,98.18,82767.0,98.04,97.67,97.96,99.09,98.01,97.98,97.99,98.28,54.24
337,2020-03-31 11:40:00,98.2,98.27,97.9271,98.155,67917.0,98.09,97.68,97.99,99.08,98.04,98.0,98.0,98.28,53.81
338,2020-03-31 11:45:00,98.19,98.22,97.955,98.07,56899.0,98.08,97.69,98.01,99.06,98.05,98.01,98.0,98.28,52.28
339,2020-03-31 11:50:00,98.09,98.1799,97.8698,98.11,69530.0,98.07,97.71,98.03,99.04,98.06,98.02,98.0,98.27,52.96
340,2020-03-31 11:55:00,98.145,98.225,97.87,97.9894,49288.0,98.03,97.73,98.05,99.03,98.04,98.02,98.0,98.27,50.63
341,2020-03-31 12:00:00,98.01,98.18,98.0,98.05,53599.0,98.0,97.75,98.07,99.01,98.05,98.02,98.0,98.27,51.78
342,2020-03-31 12:05:00,98.0,98.11,97.63,97.71,85181.0,98.0,97.76,98.08,98.98,97.98,97.98,97.99,98.26,45.4
343,2020-03-31 12:10:00,97.71,97.85,97.58,97.83,95208.0,98.01,97.76,98.08,98.96,97.95,97.96,97.99,98.26,47.84
344,2020-03-31 12:15:00,97.82,97.82,97.56,97.63,48093.0,98.0,97.77,98.08,98.94,97.89,97.92,97.98,98.25,44.29
345,2020-03-31 12:20:00,97.605,97.74,97.4,97.585,50060.0,97.96,97.77,98.09,98.92,97.83,97.88,97.97,98.25,43.51
346,2020-03-31 12:25:00,97.565,97.565,97.16,97.39,65209.0,97.9,97.77,98.08,98.9,97.74,97.82,97.95,98.24,40.19
347,2020-03-31 12:30:00,97.37,97.39,96.6559,96.86,68050.0,97.85,97.77,98.07,98.88,97.56,97.7,97.92,98.22,32.86
348,2020-03-31 12:35:00,96.7674,96.92,96.55,96.765,64685.0,97.79,97.76,98.05,98.85,97.4,97.58,97.88,98.21,31.74
349,2020-03-31 12:40:00,96.755,96.755,96.1306,96.3899,95649.0,97.71,97.74,98.03,98.83,97.2,97.43,97.84,98.19,27.73
350,2020-03-31 12:45:00,96.35,96.79,96.25,96.62,88930.0,97.66,97.72,98.02,98.8,97.08,97.33,97.8,98.18,33.3
351,2020-03-31 12:50:00,96.59,97.01,96.41,96.8087,84501.0,97.61,97.71,98.02,98.78,97.03,97.27,97.77,98.16,37.55
352,2020-03-31 12:55:00,96.78,96.98,96.69,96.84,46890.0,97.55,97.69,98.01,98.75,96.99,97.21,97.74,98.15,38.25
353,2020-03-31 13:00:00,96.84,96.9,96.13,96.27,91753.0,97.46,97.67,98.0,98.72,96.85,97.09,97.7,98.13,31.33
354,2020-03-31 13:05:00,96.275,96.44,95.7691,95.7691,84582.0,97.35,97.63,97.98,98.68,96.63,96.93,97.64,98.11,26.76
355,2020-03-31 13:10:00,95.8,96.01,95.635,95.87,52141.0,97.24,97.59,97.96,98.64,96.48,96.8,97.58,98.08,29.01
356,2020-03-31 13:15:00,95.815,96.06,95.587,95.587,71994.0,97.11,97.56,97.93,98.62,96.3,96.65,97.52,98.06,26.54
357,2020-03-31 13:20:00,95.61,95.75,95.37,95.61,85912.0,96.99,97.51,97.9,98.6,96.16,96.52,97.47,98.04,27.09
358,2020-03-31 13:25:00,95.62,95.71,95.37,95.556,52689.0,96.86,97.47,97.86,98.58,96.04,96.4,97.41,98.01,26.59
359,2020-03-31 13:30:00,95.61,95.88,95.4729,95.51,44081.0,96.73,97.43,97.83,98.56,95.94,96.29,97.35,97.99,26.15
360,2020-03-31 13:35:00,95.49,95.63,95.16,95.56,46907.0,96.61,97.37,97.79,98.54,95.86,96.19,97.3,97.96,27.55
361,2020-03-31 13:40:00,95.5501,95.83,95.4,95.465,44675.0,96.48,97.32,97.75,98.52,95.78,96.1,97.24,97.94,26.52
362,2020-03-31 13:45:00,95.5,95.7673,95.38,95.445,50438.0,96.37,97.28,97.71,98.5,95.71,96.02,97.19,97.91,26.3
363,2020-03-31 13:50:00,95.43,95.57600000000001,95.38,95.5,53434.0,96.25,97.25,97.67,98.49,95.67,95.96,97.14,97.89,28.09
364,2020-03-31 13:55:00,95.5,95.67,95.38,95.42,35616.0,96.14,97.22,97.63,98.46,95.62,95.89,97.08,97.86,27.06
365,2020-03-31 14:00:00,95.42,96.005,95.38,95.94,45000.0,96.06,97.2,97.61,98.44,95.68,95.9,97.05,97.84,41.95
366,2020-03-31 14:05:00,95.96,96.17,95.75,95.83,60842.0,95.98,97.18,97.58,98.42,95.71,95.89,97.01,97.82,40.08
367,2020-03-31 14:10:00,95.87,96.195,95.83,96.05,39450.0,95.94,97.16,97.55,98.4,95.78,95.91,96.98,97.81,45.32
368,2020-03-31 14:15:00,96.0112,96.13,95.81,95.87,40167.0,95.9,97.11,97.51,98.38,95.8,95.9,96.95,97.79,42.08
369,2020-03-31 14:20:00,95.81,95.95,95.5,95.67,50573.0,95.86,97.06,97.47,98.36,95.77,95.87,96.91,97.77,38.76
370,2020-03-31 14:25:00,95.68,95.84,95.53,95.76,52170.0,95.82,97.0,97.44,98.34,95.77,95.86,96.88,97.75,41.01
371,2020-03-31 14:30:00,95.795,96.11,95.78,96.07,39948.0,95.78,96.94,97.41,98.32,95.83,95.89,96.85,97.73,48.09
372,2020-03-31 14:35:00,96.08,96.115,95.91,96.045,43690.0,95.74,96.91,97.38,98.3,95.87,95.91,96.83,97.71,47.6
373,2020-03-31 14:40:00,96.07,96.46,95.975,96.42,35180.0,95.75,96.89,97.35,98.29,95.98,95.97,96.81,97.7,55.08
374,2020-03-31 14:45:00,96.415,96.56,96.26,96.31,52105.0,95.77,96.85,97.32,98.27,96.05,96.01,96.8,97.69,52.7
375,2020-03-31 14:50:00,96.33,96.5,95.92,95.995,39105.0,95.78,96.81,97.28,98.25,96.04,96.01,96.77,97.67,46.51
376,2020-03-31 14:55:00,96.025,96.365,95.95,96.07,39290.0,95.8,96.76,97.25,98.23,96.04,96.02,96.75,97.65,48.08
377,2020-03-31 15:00:00,96.07,96.3,95.93,96.03,46606.0,95.83,96.72,97.23,98.21,96.04,96.02,96.73,97.64,47.28
378,2020-03-31 15:05:00,96.01,96.3,95.975,95.995,36759.0,95.85,96.68,97.21,98.19,96.03,96.02,96.71,97.62,46.56
379,2020-03-31 15:10:00,95.98,96.12,95.635,95.745,44718.0,95.86,96.64,97.18,98.17,95.97,95.98,96.68,97.6,41.65
380,2020-03-31 15:15:00,95.749,95.749,95.35,95.44,76901.0,95.85,96.59,97.15,98.15,95.87,95.91,96.64,97.58,36.58
381,2020-03-31 15:20:00,95.4447,95.62,94.91,95.05,115962.0,95.83,96.54,97.11,98.12,95.7,95.81,96.59,97.56,31.33
382,2020-03-31 15:25:00,95.1,95.17,94.41,94.48,98743.0,95.78,96.47,97.07,98.1,95.46,95.64,96.53,97.52,25.55
383,2020-03-31 15:30:00,94.45,95.0,94.45,94.77,74567.0,95.75,96.4,97.03,98.07,95.32,95.53,96.48,97.5,32.38
384,2020-03-31 15:35:00,94.75,95.225,94.72,95.225,85116.0,95.74,96.35,97.01,98.05,95.3,95.49,96.44,97.47,41.45
385,2020-03-31 15:40:00,95.24,95.29,95.0,95.21,95160.0,95.7,96.29,96.98,98.02,95.28,95.46,96.4,97.45,41.26
386,2020-03-31 15:45:00,95.2,95.26,94.845,95.005,98516.0,95.66,96.23,96.95,98.0,95.23,95.4,96.36,97.43,38.57
387,2020-03-31 15:50:00,95.01,95.21,94.21,94.24,141683.0,95.57,96.15,96.91,97.97,95.03,95.26,96.29,97.4,30.56
388,2020-03-31 15:55:00,94.27,95.04,94.23,94.73,282711.0,95.51,96.08,96.89,97.95,94.97,95.19,96.25,97.37,39.26
389,2020-03-31 16:00:00,94.78,94.99,93.93,94.31,407280.0,95.44,96.01,96.86,97.92,94.84,95.08,96.19,97.34,35.19
390,2020-04-01 09:35:00,89.48,91.28,89.11,90.73,474264.0,95.19,95.86,96.79,97.87,94.02,94.54,96.02,97.27,18.03
391,2020-04-01 09:40:00,90.7478,92.72399999999999,90.1187,91.678,154825.0,94.97,95.73,96.74,97.83,93.55,94.18,95.89,97.22,28.04
392,2020-04-01 09:45:00,91.7,91.88,90.94,91.23,102903.0,94.73,95.6,96.68,97.79,93.09,93.81,95.75,97.16,26.4
393,2020-04-01 09:50:00,91.245,91.48,90.35,90.74,172412.0,94.45,95.46,96.61,97.74,92.62,93.43,95.6,97.09,24.7
394,2020-04-01 09:55:00,90.7,91.1,90.43,90.56,104236.0,94.16,95.32,96.54,97.69,92.2,93.07,95.45,97.03,24.08
395,2020-04-01 10:00:00,90.42,90.68,89.9,89.92,101252.0,93.86,95.17,96.47,97.65,91.75,92.67,95.28,96.96,21.99
396,2020-04-01 10:05:00,89.99,90.13,89.23,89.745,112018.0,93.54,95.01,96.39,97.6,91.35,92.31,95.11,96.89,21.44
397,2020-04-01 10:10:00,89.7,90.74,89.7,90.74,81413.0,93.28,94.89,96.33,97.56,91.23,92.11,94.98,96.83,31.85
398,2020-04-01 10:15:00,90.725,90.76,89.93,90.39,167561.0,93.0,94.76,96.26,97.51,91.06,91.9,94.84,96.76,30.33
399,2020-04-01 10:20:00,90.4,90.71,90.12,90.14,170077.0,92.72,94.64,96.19,97.46,90.87,91.68,94.7,96.7,29.25
400,2020-04-01 10:25:00,90.21,90.49,89.88,89.96,77115.0,92.44,94.51,96.12,97.41,90.69,91.46,94.55,96.63,28.47
401,2020-04-01 10:30:00,90.0457,90.24,89.1223,89.3,101329.0,92.16,94.36,96.03,97.36,90.41,91.19,94.39,96.56,25.75
402,2020-04-01 10:35:00,89.3,89.6294,89.14,89.39,194013.0,91.9,94.21,95.95,97.3,90.21,90.97,94.24,96.48,26.78
403,2020-04-01 10:40:00,89.39,89.5,89.02,89.1,112717.0,91.62,94.06,95.86,97.25,89.99,90.73,94.09,96.41,25.55
404,2020-04-01 10:45:00,89.1,89.14,88.535,88.63,253407.0,91.29,93.92,95.77,97.19,89.72,90.47,93.92,96.33,23.66
405,2020-04-01 10:50:00,88.63,89.35,88.6,89.15,524044.0,90.98,93.79,95.69,97.13,89.6,90.31,93.78,96.26,29.85
406,2020-04-01 10:55:00,89.13,89.13,88.53,88.68,184251.0,90.67,93.65,95.6,97.06,89.42,90.1,93.62,96.19,27.67
407,2020-04-01 11:00:00,88.67,88.82,88.38,88.66,176828.0,90.39,93.51,95.51,97.0,89.27,89.92,93.47,96.11,27.57
408,2020-04-01 11:05:00,88.69,89.85,88.69,89.79,138023.0,90.14,93.39,95.43,96.95,89.37,89.91,93.36,96.05,39.81
409,2020-04-01 11:10:00,89.85,90.14,89.61,89.9,81550.0,89.92,93.28,95.36,96.89,89.48,89.9,93.26,95.99,40.86
410,2020-04-01 11:15:00,89.88,90.38,89.78,90.18,71639.0,89.89,93.17,95.27,96.84,89.62,89.94,93.16,95.93,43.55
411,2020-04-01 11:20:00,90.17,90.63,89.97,90.63,55432.0,89.84,93.08,95.2,96.79,89.82,90.03,93.09,95.88,47.68
412,2020-04-01 11:25:00,90.59,90.66,90.1,90.18,61705.0,89.79,92.97,95.13,96.73,89.89,90.04,93.0,95.82,44.2
413,2020-04-01 11:30:00,90.21,90.48,90.17,90.305,89736.0,89.77,92.87,95.06,96.68,89.97,90.08,92.92,95.77,45.39
414,2020-04-01 11:35:00,90.28,90.91,90.15,90.66,79012.0,89.77,92.77,95.0,96.63,90.11,90.15,92.85,95.71,48.74
415,2020-04-01 11:40:00,90.66,90.82,90.36,90.41,84331.0,89.8,92.66,94.93,96.58,90.17,90.18,92.77,95.66,46.57
416,2020-04-01 11:45:00,90.38,90.4599,89.92,90.02,102231.0,89.81,92.55,94.86,96.52,90.14,90.16,92.69,95.61,43.34
417,2020-04-01 11:50:00,89.96,90.05,89.61,89.93,78753.0,89.77,92.42,94.79,96.47,90.1,90.13,92.61,95.55,42.6
418,2020-04-01 11:55:00,89.93,89.99,89.73,89.81,63580.0,89.74,92.3,94.71,96.42,90.04,90.09,92.52,95.49,41.59
419,2020-04-01 12:00:00,89.81,90.06,89.68,89.75,93356.0,89.72,92.18,94.62,96.37,89.98,90.05,92.44,95.44,41.06
420,2020-04-01 12:05:00,89.69,89.71,89.54,89.66,82935.0,89.71,92.06,94.53,96.32,89.92,90.0,92.35,95.38,40.24
421,2020-04-01 12:10:00,89.63,89.76,89.09,89.3,1316183.0,89.71,91.93,94.44,96.27,89.79,89.91,92.26,95.32,37.05
422,2020-04-01 12:15:00,89.31,89.95,89.3,89.95,49522.0,89.73,91.8,94.36,96.22,89.83,89.92,92.19,95.26,45.47
423,2020-04-01 12:20:00,89.94,90.08,89.84,90.04,79415.0,89.78,91.68,94.28,96.17,89.87,89.93,92.13,95.21,46.53
424,2020-04-01 12:25:00,90.03,90.3385,89.92,89.92,91223.0,89.85,91.55,94.2,96.12,89.88,89.93,92.06,95.16,45.26
425,2020-04-01 12:30:00,89.91,90.15,89.5,89.7,88143.0,89.87,91.42,94.12,96.06,89.84,89.9,91.99,95.1,42.95
426,2020-04-01 12:35:00,89.73,89.91,89.56,89.6,56350.0,89.92,91.29,94.03,96.01,89.79,89.86,91.92,95.05,41.9
427,2020-04-01 12:40:00,89.59,89.59,89.12,89.25,47652.0,89.95,91.16,93.94,95.95,89.69,89.79,91.83,94.99,38.36
428,2020-04-01 12:45:00,89.26,89.52,88.96,89.45,135946.0,89.93,91.03,93.85,95.89,89.64,89.75,91.76,94.94,41.4
429,2020-04-01 12:50:00,89.395,89.58,89.125,89.16,107685.0,89.9,90.9,93.77,95.84,89.54,89.67,91.68,94.88,38.44
430,2020-04-01 12:55:00,89.15,89.3,88.9112,89.16,87703.0,89.84,90.77,93.68,95.79,89.47,89.61,91.61,94.82,38.44
431,2020-04-01 13:00:00,89.14,89.39,89.12,89.14,118579.0,89.77,90.65,93.59,95.74,89.4,89.55,91.53,94.77,38.22
432,2020-04-01 13:05:00,89.13,89.86,89.09,89.81,107806.0,89.75,90.56,93.51,95.71,89.48,89.58,91.48,94.72,48.74
433,2020-04-01 13:10:00,89.8,89.88,89.59,89.71,57579.0,89.72,90.46,93.43,95.67,89.53,89.6,91.43,94.67,47.44
434,2020-04-01 13:15:00,89.67,89.9565,89.56,89.78,34977.0,89.68,90.35,93.35,95.63,89.58,89.62,91.38,94.62,48.48
435,2020-04-01 13:20:00,89.76,90.12,89.545,89.96,55668.0,89.65,90.24,93.27,95.6,89.65,89.66,91.33,94.57,51.14
436,2020-04-01 13:25:00,89.98,90.21,89.95,90.18,38028.0,89.66,90.15,93.19,95.57,89.76,89.73,91.3,94.53,54.26
437,2020-04-01 13:30:00,90.15,90.21,89.57,89.82,63849.0,89.66,90.06,93.1,95.55,89.77,89.74,91.25,94.48,48.78
438,2020-04-01 13:35:00,89.81,89.81,89.48,89.55,49980.0,89.64,89.96,93.02,95.51,89.73,89.72,91.2,94.43,45.1
439,2020-04-01 13:40:00,89.51,89.77,89.49,89.72,39852.0,89.64,89.86,92.93,95.48,89.73,89.72,91.16,94.39,47.77
440,2020-04-01 13:45:00,89.74,90.12,89.61,90.02,77126.0,89.66,89.85,92.85,95.45,89.78,89.75,91.12,94.34,52.19
441,2020-04-01 13:50:00,90.01,90.34,89.7201,90.1676,43916.0,89.7,89.82,92.78,95.42,89.86,89.81,91.09,94.3,54.24
442,2020-04-01 13:55:00,90.165,90.58,89.99,90.525,61056.0,89.73,89.8,92.7,95.39,89.99,89.9,91.08,94.26,58.84
443,2020-04-01 14:00:00,90.55,90.83,90.53,90.64,60016.0,89.76,89.8,92.63,95.36,90.12,89.99,91.06,94.23,60.23
444,2020-04-01 14:05:00,90.6,90.675,90.19,90.53,79339.0,89.79,89.8,92.56,95.32,90.2,90.06,91.05,94.19,58.21
445,2020-04-01 14:10:00,90.53,90.875,90.42,90.62,68722.0,89.84,89.82,92.49,95.29,90.29,90.13,91.03,94.15,59.41
446,2020-04-01 14:15:00,90.6,90.71,90.475,90.52,37259.0,89.89,89.83,92.42,95.25,90.33,90.18,91.02,94.12,57.44
447,2020-04-01 14:20:00,90.48,90.61,90.3875,90.41,51446.0,89.94,89.83,92.36,95.21,90.35,90.21,91.0,94.08,55.26
448,2020-04-01 14:25:00,90.42,90.65,90.37,90.44,56743.0,89.99,89.83,92.3,95.17,90.37,90.23,90.98,94.05,55.76
449,2020-04-01 14:30:00,90.41,90.62,90.34,90.46,40048.0,90.06,89.83,92.24,95.13,90.39,90.26,90.97,94.01,56.1
450,2020-04-01 14:35:00,90.41,90.41,90.04,90.24,61761.0,90.11,89.84,92.17,95.1,90.36,90.26,90.95,93.97,51.34
451,2020-04-01 14:40:00,90.29,90.61,90.186,90.45,58618.0,90.18,89.86,92.11,95.06,90.38,90.28,90.93,93.94,55.25
452,2020-04-01 14:45:00,90.4,90.41,90.21,90.29,78537.0,90.2,89.88,92.04,95.03,90.36,90.28,90.91,93.9,51.83
453,2020-04-01 14:50:00,90.28,90.79,90.28,90.635,59721.0,90.25,89.91,91.99,94.99,90.41,90.33,90.9,93.87,57.88
454,2020-04-01 14:55:00,90.595,90.73,90.34,90.53,49988.0,90.29,89.95,91.93,94.96,90.44,90.35,90.89,93.84,55.59
455,2020-04-01 15:00:00,90.545,90.57,90.3,90.33,50716.0,90.3,89.97,91.88,94.92,90.42,90.35,90.87,93.8,51.42
456,2020-04-01 15:05:00,90.345,90.92,90.34,90.705,74298.0,90.33,90.01,91.83,94.88,90.47,90.39,90.87,93.77,57.81
457,2020-04-01 15:10:00,90.705,90.89,90.59,90.63,95222.0,90.37,90.05,91.78,94.84,90.5,90.42,90.86,93.74,56.22
458,2020-04-01 15:15:00,90.625,90.89,90.45,90.61,56549.0,90.42,90.07,91.73,94.8,90.53,90.45,90.85,93.71,55.78
459,2020-04-01 15:20:00,90.64,90.86,90.5716,90.83,63092.0,90.48,90.09,91.68,94.75,90.59,90.5,90.85,93.68,59.54
460,2020-04-01 15:25:00,90.84,90.84,90.4,90.45,81721.0,90.5,90.09,91.63,94.71,90.56,90.49,90.84,93.65,51.41
461,2020-04-01 15:30:00,90.425,90.4775,90.18,90.28,102788.0,90.51,90.08,91.58,94.67,90.5,90.46,90.82,93.61,48.23
462,2020-04-01 15:35:00,90.27,91.25,90.27,90.5,151779.0,90.5,90.09,91.53,94.62,90.5,90.47,90.81,93.58,52.33
463,2020-04-01 15:40:00,90.51,90.55,89.77,89.85,117629.0,90.47,90.08,91.48,94.57,90.37,90.39,90.79,93.54,41.8
464,2020-04-01 15:45:00,89.88,90.32,89.84,89.96,115796.0,90.44,90.07,91.42,94.53,90.29,90.34,90.76,93.51,43.86
465,2020-04-01 15:50:00,89.98,90.86,89.98,90.585,216889.0,90.44,90.07,91.37,94.49,90.35,90.37,90.75,93.48,53.85
466,2020-04-01 15:55:00,90.82,91.98,90.61,91.225,250866.0,90.47,90.1,91.32,94.45,90.52,90.48,90.77,93.46,61.42
467,2020-04-01 16:00:00,91.28,91.82,90.85,91.3,416632.0,90.51,90.12,91.27,94.41,90.68,90.58,90.79,93.44,62.21
468,2020-04-02 09:35:00,89.63,90.65,89.18,90.32,189385.0,90.51,90.13,91.22,94.37,90.61,90.55,90.77,93.41,48.39
469,2020-04-02 09:40:00,90.37,90.71,89.165,89.82,103680.0,90.48,90.13,91.16,94.32,90.45,90.46,90.74,93.37,43.13
470,2020-04-02 09:45:00,89.8,90.18,88.7615,88.9,104195.0,90.41,90.12,91.09,94.27,90.14,90.26,90.69,93.33,35.48
471,2020-04-02 09:50:00,88.95,89.09,88.32,88.42,104368.0,90.31,90.1,91.01,94.21,89.8,90.03,90.62,93.28,32.27
472,2020-04-02 09:55:00,88.4,88.8,88.11,88.33,99028.0,90.21,90.07,90.94,94.16,89.5,89.82,90.55,93.23,31.69
473,2020-04-02 10:00:00,88.31,90.12,88.31,89.56,62604.0,90.16,90.06,90.87,94.11,89.51,89.79,90.52,93.19,45.97
474,2020-04-02 10:05:00,89.65,89.94,89.13,89.6988,74978.0,90.12,90.06,90.8,94.06,89.55,89.77,90.49,93.16,47.31
475,2020-04-02 10:10:00,89.7241,89.875,89.22,89.875,97002.0,90.09,90.06,90.74,94.01,89.62,89.79,90.47,93.12,49.04
476,2020-04-02 10:15:00,89.885,90.21,89.7,90.1232,50387.0,90.06,90.07,90.68,93.97,89.72,89.83,90.46,93.09,51.45
477,2020-04-02 10:20:00,90.155,90.4,89.87,90.3784,51840.0,90.05,90.09,90.63,93.93,89.85,89.9,90.46,93.07,53.87
478,2020-04-02 10:25:00,90.37,90.5,90.03,90.08,53894.0,90.02,90.1,90.57,93.89,89.9,89.92,90.45,93.04,50.69
479,2020-04-02 10:30:00,90.03,90.45,89.93,90.42,71366.0,90.0,90.13,90.51,93.85,90.0,89.98,90.45,93.01,54.02
480,2020-04-02 10:35:00,90.19,91.02,90.19,90.81,85176.0,90.02,90.16,90.47,93.81,90.16,90.09,90.46,92.99,57.56
481,2020-04-02 10:40:00,91.17,92.19,91.1319,92.06,90544.0,90.11,90.22,90.44,93.77,90.54,90.33,90.51,92.98,66.47
482,2020-04-02 10:45:00,91.89,92.25,91.36,91.67,49288.0,90.17,90.26,90.41,93.74,90.77,90.5,90.54,92.97,62.09
483,2020-04-02 10:50:00,91.82,92.18,90.88,91.55,84237.0,90.25,90.3,90.38,93.7,90.92,90.63,90.57,92.95,60.77
484,2020-04-02 10:55:00,91.56,91.98,90.98,91.41,50275.0,90.33,90.33,90.34,93.67,91.02,90.73,90.6,92.94,59.18
485,2020-04-02 11:00:00,91.27,91.85,91.24,91.7779,44560.0,90.39,90.36,90.3,93.64,91.17,90.86,90.64,92.93,61.99
486,2020-04-02 11:05:00,91.59,92.11,91.47,91.81,43620.0,90.42,90.4,90.27,93.61,91.3,90.98,90.67,92.91,62.23
487,2020-04-02 11:10:00,91.7508,91.9357,91.25,91.3567,42763.0,90.42,90.43,90.24,93.58,91.31,91.03,90.69,92.9,56.69
488,2020-04-02 11:15:00,91.33,91.8,90.92,91.6,59869.0,90.48,90.47,90.21,93.55,91.37,91.1,90.72,92.89,58.81
489,2020-04-02 11:20:00,91.68,91.845,91.1,91.17,101200.0,90.55,90.5,90.18,93.52,91.33,91.11,90.73,92.87,53.79
490,2020-04-02 11:25:00,91.09,91.22,90.66,90.79,81714.0,90.64,90.51,90.18,93.49,91.22,91.07,90.73,92.85,49.76
491,2020-04-02 11:30:00,90.8,90.8,90.01,90.125,73133.0,90.73,90.51,90.17,93.45,91.0,90.95,90.72,92.82,43.59
492,2020-04-02 11:35:00,90.09,90.78,90.09,90.61,43559.0,90.84,90.51,90.16,93.42,90.92,90.91,90.71,92.8,48.59
493,2020-04-02 11:40:00,90.63,90.85,90.06,90.23,33841.0,90.88,90.51,90.15,93.38,90.78,90.82,90.7,92.77,45.21
494,2020-04-02 11:45:00,90.2832,90.52,89.82,89.94,133713.0,90.89,90.49,90.15,93.35,90.62,90.71,90.68,92.75,42.76
495,2020-04-02 11:50:00,89.97,90.38,89.68,90.235,84681.0,90.91,90.49,90.15,93.31,90.54,90.65,90.66,92.72,45.97
496,2020-04-02 11:55:00,90.26,90.54,89.89,89.9581,32401.0,90.9,90.47,90.15,93.27,90.42,90.57,90.64,92.69,43.5
497,2020-04-02 12:00:00,89.895,90.33,89.89,90.11,27929.0,90.89,90.47,90.15,93.24,90.36,90.51,90.62,92.67,45.24
498,2020-04-02 12:05:00,90.1,90.14,89.63,89.76,55057.0,90.87,90.46,90.14,93.2,90.24,90.42,90.6,92.64,42.04
499,2020-04-02 12:10:00,89.79,90.11,89.73,89.85,48183.0,90.84,90.44,90.14,93.16,90.16,90.34,90.58,92.61,43.15
500,2020-04-02 12:15:00,89.87,90.38,89.6203,90.17,68895.0,90.81,90.44,90.14,93.13,90.16,90.32,90.56,92.59,47.05
501,2020-04-02 12:20:00,90.12,90.76,90.03,90.36,78172.0,90.72,90.44,90.15,93.09,90.2,90.33,90.56,92.56,49.27
502,2020-04-02 12:25:00,90.4,90.74,90.36,90.36,49592.0,90.66,90.44,90.16,93.06,90.23,90.33,90.55,92.54,49.27
503,2020-04-02 12:30:00,90.38,90.55,90.11,90.165,22281.0,90.59,90.43,90.17,93.02,90.22,90.31,90.54,92.52,46.92
504,2020-04-02 12:35:00,90.23,90.32,89.99,90.06,65539.0,90.52,90.42,90.19,92.98,90.19,90.28,90.53,92.49,45.66
505,2020-04-02 12:40:00,90.0,90.2,89.945,90.18,61380.0,90.44,90.42,90.2,92.94,90.19,90.27,90.51,92.47,47.4
506,2020-04-02 12:45:00,90.21,90.46,90.055,90.225,80547.0,90.36,90.41,90.21,92.91,90.19,90.26,90.51,92.45,48.07
507,2020-04-02 12:50:00,90.22,90.31,89.9649,90.27,46507.0,90.31,90.4,90.23,92.87,90.21,90.26,90.5,92.43,48.78
508,2020-04-02 12:55:00,90.235,90.5346,90.14,90.51,83067.0,90.25,90.4,90.23,92.83,90.27,90.29,90.5,92.41,52.48
509,2020-04-02 13:00:00,90.53,90.58,90.03,90.25,59684.0,90.21,90.39,90.24,92.8,90.27,90.29,90.49,92.39,48.4
510,2020-04-02 13:05:00,90.25,90.6,90.16,90.24,39757.0,90.18,90.38,90.24,92.76,90.26,90.28,90.48,92.36,48.24
511,2020-04-02 13:10:00,90.2,90.3,90.0,90.01,29605.0,90.17,90.38,90.23,92.71,90.21,90.25,90.47,92.34,44.69
512,2020-04-02 13:15:00,89.95,90.02,89.73,89.77,43491.0,90.13,90.36,90.23,92.68,90.12,90.19,90.45,92.32,41.28
513,2020-04-02 13:20:00,89.75,89.94,89.53,89.67,42046.0,90.1,90.36,90.22,92.64,90.03,90.12,90.42,92.29,39.91
514,2020-04-02 13:25:00,89.66,89.75,89.24,89.24,51643.0,90.07,90.35,90.21,92.6,89.87,90.01,90.39,92.26,34.6
515,2020-04-02 13:30:00,89.25,89.34,89.11,89.17,43800.0,90.02,90.32,90.2,92.56,89.73,89.91,90.35,92.23,33.81
516,2020-04-02 13:35:00,89.165,89.37,89.04,89.18,38651.0,89.98,90.28,90.19,92.52,89.62,89.82,90.32,92.2,34.04
517,2020-04-02 13:40:00,89.1935,89.33,89.06,89.33,26134.0,89.94,90.24,90.18,92.49,89.56,89.76,90.29,92.17,37.57
518,2020-04-02 13:45:00,89.27,89.41,89.15,89.26,32067.0,89.91,90.22,90.18,92.44,89.5,89.69,90.26,92.14,36.58
519,2020-04-02 13:50:00,89.25,89.28,88.89,88.95,50600.0,89.87,90.2,90.17,92.39,89.39,89.6,90.22,92.11,32.53
520,2020-04-02 13:55:00,88.95,89.35,88.89,89.13,25426.0,89.82,90.2,90.16,92.35,89.34,89.54,90.18,92.08,36.9
521,2020-04-02 14:00:00,89.09,89.19,88.85,88.93,45155.0,89.74,90.21,90.16,92.3,89.26,89.47,90.14,92.05,34.25
522,2020-04-02 14:05:00,88.91,89.0325,88.51,88.67,93598.0,89.66,90.22,90.15,92.25,89.14,89.37,90.1,92.01,31.11
523,2020-04-02 14:10:00,88.72,88.76,88.51,88.51,61579.0,89.58,90.2,90.13,92.21,89.01,89.26,90.05,91.98,29.33
524,2020-04-02 14:15:00,88.56,88.86,88.45,88.819,73798.0,89.52,90.18,90.12,92.16,88.98,89.2,90.01,91.95,36.84
525,2020-04-02 14:20:00,88.77,88.83,88.09,88.11,82750.0,89.41,90.15,90.1,92.11,88.8,89.07,89.96,91.91,29.18
526,2020-04-02 14:25:00,88.11,88.62,88.08,88.375,70086.0,89.32,90.11,90.09,92.06,88.72,88.98,89.91,91.87,34.65
527,2020-04-02 14:30:00,88.39,88.9,88.38,88.84,44347.0,89.25,90.08,90.09,92.01,88.74,88.96,89.88,91.84,42.98
528,2020-04-02 14:35:00,88.87,88.87,88.35,88.395,85937.0,89.14,90.05,90.08,91.97,88.67,88.89,89.83,91.81,37.99
529,2020-04-02 14:40:00,88.38,88.57,88.31,88.46,88333.0,89.05,90.01,90.07,91.92,88.63,88.84,89.79,91.78,39.1
530,2020-04-02 14:45:00,88.41,88.48,88.23,88.25,103702.0,88.95,89.96,90.06,91.87,88.55,88.76,89.74,91.74,36.81
531,2020-04-02 14:50:00,88.235,88.54,87.94,88.2,124732.0,88.86,89.88,90.05,91.82,88.48,88.69,89.7,91.71,36.26
532,2020-04-02 14:55:00,88.19,88.83,88.08,88.52,95915.0,88.8,89.82,90.04,91.78,88.49,88.67,89.66,91.67,42.17
533,2020-04-02 15:00:00,88.53,89.0,88.45,88.93,118470.0,88.76,89.76,90.03,91.73,88.58,88.7,89.64,91.65,48.73
534,2020-04-02 15:05:00,88.94,89.12,88.08,88.26,110586.0,88.71,89.7,90.01,91.68,88.51,88.65,89.6,91.61,40.62
535,2020-04-02 15:10:00,88.26,88.29,87.91,88.08,103729.0,88.66,89.63,90.0,91.63,88.43,88.58,89.55,91.58,38.76
536,2020-04-02 15:15:00,88.06,88.545,87.91,88.22,140261.0,88.61,89.56,89.98,91.58,88.39,88.53,89.51,91.55,41.03
537,2020-04-02 15:20:00,88.23,88.93,88.19,88.69,150484.0,88.58,89.5,89.97,91.53,88.45,88.55,89.49,91.52,47.99
538,2020-04-02 15:25:00,88.69,89.03,87.55,88.07,323965.0,88.52,89.43,89.95,91.48,88.37,88.49,89.44,91.48,41.1
539,2020-04-02 15:30:00,88.068,88.9037,87.7121,87.7679,439711.0,88.46,89.36,89.93,91.43,88.25,88.4,89.39,91.45,38.21
540,2020-04-02 15:35:00,87.73,88.13,87.01,87.06,348885.0,88.36,89.29,89.9,91.38,88.01,88.23,89.32,91.4,32.47
541,2020-04-02 15:40:00,87.13,87.17,86.16,86.65,393164.0,88.24,89.22,89.87,91.32,87.74,88.04,89.24,91.35,29.68
542,2020-04-02 15:45:00,86.68,88.05,86.47,87.44,393183.0,88.18,89.16,89.84,91.27,87.68,87.96,89.19,91.32,40.3
543,2020-04-02 15:50:00,87.41,88.09,87.1,87.7,360242.0,88.14,89.11,89.81,91.22,87.68,87.93,89.14,91.28,43.34
544,2020-04-02 15:55:00,87.2982,88.523,86.6045,86.68799999999999,795080.0,88.04,89.04,89.77,91.16,87.48,87.77,89.07,91.23,35.73
545,2020-04-02 16:00:00,86.63,86.73,85.16,86.02,1054456.0,87.93,88.96,89.72,91.11,87.19,87.55,88.97,91.18,31.76
